Geo. Code,Inc. Group Code,Country,VATR,VATGCR,VATPROD,THRESHOLD,VATYEAR,CITR,CITPROD,PITMINR,PITMAXR,PITMAXL,PITMINL,PITPROD,SSR,WEDGE,VATY,CITY,PITY,TAXY ,COST,FUNCTION,SARA,LTU,CUSTOMS,CERTIFICATION,TAXSTAFF,PAYERTO STAFF,HYDRO-CARBON,PCGDP,AG,IMPORTS,PCONS,
5,1,Islamic Republic of Afghanistan,3.5,64.2,0.6,N/A,N/A,20.0, 0.07 ,3.0,20.0,2.65, 1.33 ,0.06,4.00,4.00, 2.17 , 1.33 , 0.89 , 8.75 ,N/A,1,0,1,0,1,N/A,N/A,0,968 , 20.8 , 63.4 , 96.5 ,
2,2,Albania,20.0,50.7,0.45,50466,1996,10.0, 0.49 ,10.0,10.0,0.26, 0.26 ,0.22,27.90,30.47, 9.00 , 4.93 , 2.21 , 23.41 ,0.64,1,1,1,0,1,0.41,56.7,0,7848 , 18.6 , 56.0 , 88.7 ,
4,2,Algeria,17.0,54.7,0.22,1381,1992,25.0, 0.86 ,10.0,40.0,6.15, 0.11 ,0.62,34.00,35.14, 3.78 , 21.50 , 24.50 , 10.05 ,N/A,1,0,0,0,1,N/A,N/A,1,7272 , 11.7 , 36.1 , 40.6 ,
6,2,Angola,10.0,N/A,N/A,N/A,N/A,35.0, N/A ,5.0,17.0,0.42, 0.05 ,2.67,11.00,11.23, N/A , N/A , 42.30 , 46.30 ,N/A,0,0,0,0,1,N/A,N/A,1,5924 , 9.3 , 43.3 , 47.4 ,
3,4,Antigua and Barbuda,15.0,50.5,0.4,112020,2007,25.0, 0.05 ,10.0,25.0,3.08, 0.00 ,0.05,8.00,8.00, 6.25 , 1.13 , 1.13 , 18.24 ,N/A,N/A,0,N/A,0,1,N/A,N/A,0,17433 , 2.3 , 57.6 , 82.6 ,
3,3,Argentina,21.0,65.9,0.40,48528,1975,35.0, 0.08 ,9.0,35.0,1.65, 0.00 ,0.17,35.50,35.50, 8.30 , 2.90 , 5.90 , 26.60 ,1.25,1,1,1,1,1,0.54,81.0,0,17660 , 10.6 , 19.5 , 60.0 ,
2,2,Armenia,20.0,53.4,0.43,156733,1992,20.0, 0.13 ,10.0,20.0,0.02, 0.00 ,0.11,3.00,3.00, 8.70 , 2.59 , 2.15 , 17.32 ,N/A,1,0,1,1,0,0.75,N/A,0,5405 , 20.7 , 48.1 , 81.4 ,
1,4,Australia,10.0,113.1,0.61,77423,2000,30.0, 0.16 ,15.0,45.0,4.54, 0.15 ,0.23,9.00,11.27, 6.10 , 4.80 , 10.20 , 21.60 ,0.99,1,1,1,0,1,0.98,998.0,0,40949 , 2.5 , 19.8 , 53.9 ,
7,4,Austria,20.0,71.4,0.39,41772,1973,25.0, 0.09 ,20.4,50.0,2.01, 0.37 ,0.27,42.35,49.88, 7.80 , 2.20 , 12.20 , 27.30 ,0.66,1,0,1,1,1,0.94,971.4,0,41556 , 1.5 , 54.0 , 54.7 ,
2,2,Azerbaijan,18.0,78.8,0.25,190066,1992,20.0, 0.21 ,14.0,30.0,2.98, 0.00 ,0.05,25.00,25.00, 4.58 , 4.19 , 1.41 , 12.45 ,N/A,1,1,1,0,1,0.25,135.2,1,10213 , 5.8 , 24.2 , 32.3 ,
3,4,Bahamas,0.0,N/A,N/A,N/A,N/A,0.0, N/A ,0.0,0.0,0.00, -   ,N/A,10.80,10.80, N/A , N/A , N/A , 16.46 ,N/A,N/A,0,N/A,0,1,N/A,N/A,0,30415 , 2.2 , 56.5 , 70.7 ,
4,4,Bahrain,0.0,N/A,N/A,N/A,N/A,46.0, 0.02 ,0.0,0.0,0.00, -   ,N/A,20.00,20.00, 0.15 , 1.00 , N/A , 1.24 ,N/A,0,0,N/A,0,1,N/A,N/A,1,27735 , N/A , 74.3 , 30.8 ,
5,1,Bangladesh,15.0,29.8,0.23,27486,1991,27.5, 0.05 ,10.0,25.0,2.70, 1.19 ,0.05,0.00,0.00, 3.47 , 1.47 , 1.10 , 9.30 ,1.66,0,0,1,1,1,0.10,N/A,0,1909 , 18.3 , 31.6 , 77.8 ,
3,4,Barbados,15.0,131.3,0.81,30595,1997,25.0, 0.14 ,20.0,35.0,0.49, 0.00 ,0.26,13.36,13.36, 12.21 , 3.50 , 9.00 , 25.54 ,N/A,0,1,0,0,1,N/A,N/A,0,24989 , 3.0 , 52.4 , 62.0 ,
2,2,Belarus,20.0,62.0,0.31,55696,2009,24.0, 0.04 ,12.0,12.0,0.00, 0.00 ,0.28,12.30,12.30, 6.29 , 0.95 , 3.40 , 15.00 ,N/A,0,1,N/A,1,1,0.97,348.4,0,15056 , 9.9 , 90.0 , 50.7 ,
7,4,Belgium,21.0,63.3,0.33,48734,1971,34.0, 0.09 ,25.0,50.0,1.27, 0.00 ,0.31,37.84,37.84, 7.00 , 3.00 , 15.30 , 43.70 ,1.36,1,0,1,0,1,1.00,732.3,0,37611 , 0.7 , 83.1 , 52.6 ,
3,3,Belize,12.5,82.8,0.55,38970,2006,25.0, 0.16 ,25.0,25.0,1.24, 1.24 ,0.06,N/A,N/A, 6.90 , 3.90 , 1.50 , 22.64 ,N/A,0,0,0,0,1,0.26,N/A,0,8303 , 12.2 , 65.3 , 66.7 ,
6,1,Benin,18.0,56.5,0.39,86554,1991,30.0, 0.05 ,10.0,35.0,0.71, 0.07 ,0.11,20.00,20.67, 7.00 , 1.60 , 3.50 , 15.52 ,N/A,N/A,0,1,0,0,N/A,N/A,0,1620 , 21.3 , 27.0 , 68.8 ,
3,4,Bermuda,0.0,N/A,N/A,N/A,N/A,0.0, N/A ,0.0,0.0,N/A, N/A ,N/A,10.00,10.00, N/A , N/A , N/A , N/A ,N/A,1,0,0,0,0,N/A,N/A,0,N/A, 0.8 , 36.1 , 94.8 ,
5,2,Bhutan,20.0,N/A,N/A,N/A,N/A,30.0, 0.16 ,10.0,25.0,3.57, 0.36 ,0.03,N/A,N/A, N/A , 4.80 , 0.60 , 12.01 ,3.41,1,0,0,1,1,0.82,343.0,0,6009 , 15.9 , 55.8 , 37.8 ,
3,2,Bolivia,13.0,85.8,0.52,0,1973,25.0, 0.05 ,13.0,13.0,0.00, 0.00 ,N/A,21.17,21.17, 6.80 , 1.20 , N/A , 28.30 ,N/A,1,1,1,0,1,0.15,N/A,1,4851 , 12.5 , 38.4 , 60.9 ,
2,2,"Bosnia and Herzegovina, Federation of",17.0,87.0,0.7,35564,N/A,10.0, 0.08 ,10.0,10.0,0.00, 0.00 ,0.35,41.50,41.50, 11.80 , 0.80 , 3.50 , 23.10 ,1.03,1,0,1,N/A,1,0.58,74.0,0,8115 , 8.7 , 64.8 , 79.8 ,
2,2,"Bosnia and Herzegovina, Republika Srpska",N/A,N/A,N/A,N/A,N/A,10.0, N/A ,8.0,8.0,N/A, N/A ,N/A,30.60,30.60, N/A , N/A , N/A , N/A ,1.17,1,0,1,N/A,1,0.57,74.8,0,N/A, N/A , N/A , N/A ,
2,2,"Bosnia and Herzegovina, State (VAT only)",17.0,N/A,N/A,32950,2006,N/A, N/A ,N/A,N/A,N/A, N/A ,N/A,N/A,N/A, N/A , N/A , N/A , N/A ,N/A,1,1,1,1,1,0.60,20.2,0,N/A, N/A , N/A , 80.2 ,
6,3,Botswana,10.0,76.8,0.41,37181,2002,22.0, 0.19 ,5.0,25.0,1.11, 0.28 ,0.39,0.00,1.39, 4.12 , 4.26 , 8.20 , 20.40 ,0.88,1,1,1,1,1,0.70,44.5,0,16105 , 2.5 , 44.3 , 53.6 ,
3,3,Brazil,17.0,77.0,0.46,0,2009,25.0, 0.18 ,7.5,27.5,2.21, 0.88 ,0.12,21.00,27.63, 7.90 , 4.50 , 2.60 , 23.80 ,0.91,1,1,1,1,1,0.13,7817.3,0,11666 , 5.5 , 12.6 , 60.3 ,
1,4,Brunei Darussalam,0.0,N/A,N/A,0,N/A,21.0, 0.62 ,0.0,0.0,0.00, 0.00 ,0.00,17.00,17.00, 0.09 , 13.02 , 0.00 , 13.81 ,N/A,1,0,0,0,0,0.07,N/A,1,53557 , 0.6 , 29.1 , 17.2 ,
2,3,Bulgaria,20.0,72.3,0.44,35587,1994,10.0, 0.18 ,10.0,10.0,0.00, 0.00 ,0.30,28.90,28.90, 8.78 , 1.80 , 3.00 , 19.05 ,1.34,1,1,1,0,1,1.08,168.7,0,13812 , 5.6 , 65.8 , 60.7 ,
6,1,Burkina Faso,18.0,53.3,0.34,120,1993,30.0, 0.05 ,2.0,30.0,4.98, 0.00 ,0.15,25.00,25.00, 6.20 , 1.40 , 4.40 , 13.76 ,N/A,0,0,1,0,0,N/A,N/A,0,1302 , 33.8 , 28.6 , 64.6 ,
6,1,Burundi,18.0,59.1,0.49,N/A,2009,35.0, 0.07 ,0.5,35.0,N/A, N/A ,N/A,13.00,13.00, 8.90 , 2.60 , 4.60 , 14.28 ,N/A,N/A,0,N/A,N/A,0,N/A,N/A,0,605 , 35.2 , 33.8 , 83.7 ,
1,1,Cambodia,10.0,44.2,0.36,100000,1999,20.0, 0.07 ,5.0,20.0,1.39, 0.06 ,0.09,N/A,N/A, 3.64 , 1.30 , 1.80 , 10.29 ,N/A,N/A,0,1,0,0,0.10,28.8,0,2239 , 36.7 , 59.5 , 82.3 ,
6,2,Cameroon,17.5,41.1,0.29,32458,1999,35.0, 0.07 ,10.0,35.0,4.76, 0.00 ,0.12,15.75,15.75, 5.00 , 2.40 , 4.20 , 12.25 ,N/A,N/A,0,1,0,0,N/A,N/A,1,2275 , N/A , 35.0 , 69.5 ,
8,4,Canada,5.0,143.8,0.82,30340,1991,18.0, 0.17 ,15.0,29.0,3.08, 0.99 ,0.57,14.17,29.08, 4.10 , 3.10 , 14.50 , 10.04 ,1.31,1,1,1,0,0,1.12,858.7,0,41690 , N/A , 32.4 , 57.0 ,
6,2,Cape Verde,15.0,77.7,0.57,61000,2004,30.0, 0.08 ,15.0,45.0,7.57, 1.24 ,0.09,23.00,23.00, 8.51 , 2.55 , 3.53 , 19.40 ,N/A,1,0,1,0,0,N/A,N/A,0,3947 , 10.4 , 72.6 , 73.1 ,
6,1,Central African Republic,19.0,21.4,0.19,64000,2001,30.0, 0.02 ,10.0,50.0,9.23, 1.01 ,0.02,22.00,22.00, 3.70 , 0.64 , 0.76 , 9.39 ,N/A,1,0,1,N/A,0,N/A,N/A,0,774 , 56.5 , 23.3 , 91.1 ,
6,1,Chad,18.0,5.3,0.04,42240,2000,40.0, 0.02 ,20.0,60.0,7.04, 0.00 ,0.02,20.00,20.00, 0.70 , 0.70 , 1.00 , 21.23 ,N/A,1,0,1,0,0,N/A,N/A,1,1844 , 13.6 , 25.5 , 73.1 ,
3,3,Chile,19.0,69.1,0.42,0,1975,17.0, 0.16 ,5.0,40.0,8.32, 0.75 ,0.23,20.95,24.69, 7.90 , 2.80 , 8.60 , 18.48 ,0.68,1,1,1,0,0,0.24,2194.8,0,17310 , 3.4 , 34.7 , 60.2 ,
1,2,"China, People's Republic of",17.0,164.2,0.56,9296,1994,25.0, 0.14 ,5.0,45.0,1.85, 0.00 ,0.11,40.00,40.00, 9.60 , 3.50 , 4.80 , 18.96 ,N/A,1,0,1,0,1,0.56,N/A,0,8391 , 10.0 , 27.3 , 34.4 ,
3,2,Colombia,16.0,53.4,0.33,37210,1975,33.0, 0.00 ,19.0,33.0,0.50, 0.13 ,0.13,45.14,47.63, 5.27 , 0.01 , 3.80 , 10.26 ,0.68,1,1,1,1,1,0.20,N/A,1,10315 , 7.0 , 20.1 , 61.7 ,
6,1,Comoros,10.0,N/A,N/A,57500,2009,50.0, N/A ,5.0,30.0,8.06, 0.35 ,0.10,N/A,N/A, N/A , N/A , 3.00 , 10.89 ,N/A,N/A,0,1,0,0,N/A,N/A,0,1232 , 46.3 , 51.8 , 105.8 ,
6,1,"Congo, Democratic Republic of",13.0,N/A,N/A,N/A,2009,40.0, 0.06 ,3.0,50.0,14.48, 0.00 ,0.03,12.50,12.50, N/A , 2.30 , 1.30 , 14.64 ,N/A,1,0,1,0,0,N/A,N/A,0,349 , 45.6 , 78.0 , 76.0 ,
6,2,"Congo, Republic of",16.0,117.2,0.14,N/A,1997,38.0, 0.03 ,1.0,45.0,3.81, 0.10 ,0.01,24.28,24.38, 2.30 , 1.00 , 0.60 , 8.39 ,N/A,1,0,1,0,0,N/A,N/A,1,4543 , 3.4 , 34.8 , 12.3 ,
1,3,Cook Islands,12.5,N/A,N/A,21824,1997,20.0, N/A ,25.0,30.0,N/A, N/A ,N/A,N/A,N/A, N/A , N/A , N/A , N/A ,N/A,N/A,0,N/A,1,1,N/A,N/A,0,N/A, 7.6 , 87.6 , 52.6 ,
3,3,Costa Rica,13.0,57.5,0.38,94941,1975,30.0, 0.09 ,10.0,15.0,2.08, 1.38 ,0.29,26.59,26.59, 4.89 , 2.70 , 3.80 , 13.85 ,N/A,1,0,1,0,0,0.21,537.5,0,11927 , 6.4 , 41.6 , 65.5 ,
6,1,Cote d'Ivoire,18.0,6.9,0.06,100000,1960,25.0, 0.05 ,10.0,60.0,10.20, 0.41 ,0.08,15.75,19.83, 1.00 , 1.30 , 4.50 , 11.90 ,N/A,1,0,1,0,0,0.06,210.0,0,1591 , 24.3 , 40.6 , 81.1 ,
2,3,Croatia,23.0,84.3,0.50,15936,2009,20.0, 0.11 ,12.0,40.0,1.36, 0.00 ,0.01,36.70,36.70, 11.46 , 2.21 , 0.40 , 18.60 ,1.37,1,0,1,0,0,1.00,1107.8,0,17850 , 5.1 , 41.9 , 59.1 ,
3,2,Cuba,23.0,N/A,N/A,N/A,N/A,30.0, N/A ,25.0,50.0,N/A, N/A ,N/A,13.50,13.50, N/A , N/A , N/A , N/A ,N/A,N/A,0,N/A,0,0,N/A,N/A,0,N/A, N/A , 18.2 , 53.8 ,
4,4,Cyprus,15.0,80.0,0.55,21721,1992,10.0, 0.68 ,20.0,30.0,1.83, 0.98 ,0.42,13.60,33.29, 8.20 , 6.80 , 11.00 , 25.90 ,1.23,1,0,0,0,0,0.77,461.7,0,27581 , 2.1 , 46.6 , 68.3 ,
7,4,Czech Republic,20.0,47.9,0.24,56635,2009,19.0, 0.11 ,15.0,15.0,0.00, 0.00 ,0.16,45.00,45.00, 4.86 , 2.14 , 2.36 , 13.33 ,1.34,1,1,0,0,1,1.44,228.8,0,27112 , 2.4 , 68.5 , 50.8 ,
7,4,Denmark,25.0,81.9,0.40,9357,1967,25.0, 0.10 ,3.7,51.5,1.95, 0.21 ,0.55,2.00,2.79, 10.00 , 2.50 , 25.80 , 47.10 ,0.71,1,1,1,1,1,1.24,749.5,0,37341 , 1.2 , 48.2 , 48.8 ,
4,2,Djibouti,7.0,N/A,N/A,457938,2009,25.0, 0.22 ,2.0,30.0,1.33, 0.00 ,0.31,2.00,2.00, N/A , 5.50 , 9.30 , 22.45 ,N/A,1,0,1,0,0,N/A,N/A,0,2579 , 3.9 , 80.0 , 57.5 ,
3,3,Dominica ,15.0,77.0,0.61,22080,2009,30.0, 0.06 ,16.0,36.0,1.35, 0.00 ,0.07,10.75,10.75, 9.20 , 1.90 , 2.60 , 24.24 ,N/A,0,0,N/A,0,0,N/A,N/A,0,13855 , 13.5 , 53.8 , 79.7 ,
3,2,Dominican Republic,16.0,30.6,0.26,174026,1983,25.0, 0.04 ,15.0,25.0,1.92, 0.95 ,0.14,20.10,34.31, 4.24 , 1.10 , 3.10 , 13.83 ,N/A,1,1,1,0,0,0.27,54.8,0,9287 , 6.0 , 35.3 , 86.6 ,
3,2,Ecuador,12.0,77.5,0.53,0,1970,25.0, 0.04 ,5.0,35.0,9.51, 0.93 ,0.00,19.00,23.66, 6.30 , 1.00 , 0.10 , 21.70 ,N/A,1,1,1,0,0,0.13,510.3,1,9552 , 7.0 , 38.6 , 67.8 ,
4,2,"Egypt, Arab Rep.",10.0,39.7,0.30,9128,1991,20.0, 0.26 ,10.0,20.0,1.05, 0.13 ,0.07,40.00,41.31, 3.01 , 5.15 , 1.39 , 14.01 ,N/A,0,0,1,1,0,N/A,N/A,0,6455 , 13.9 , 30.2 , 75.8 ,
3,2,El Salvador,13.0,54.9,0.52,5714,1992,25.0, 0.08 ,10.0,30.0,0.36, 0.04 ,0.10,20.80,21.20, 6.70 , 2.00 , 2.66 , 12.95 ,N/A,1,0,1,0,0,0.18,519.5,0,7222 , 12.7 , 47.3 , 94.0 ,
6,3,Equatorial Guinea,15.0,0.9,0.00,N/A,2005,35.0, 0.17 ,10.0,35.0,1.68, 0.08 ,0.02,26.00,26.84, 0.05 , 5.90 , 0.70 , 9.01 ,N/A,N/A,0,N/A,N/A,0,N/A,N/A,1,25670 , 3.2 , 47.4 , 37.8 ,
2,4,Estonia,20.0,81.1,0.42,21435,1992,21.0, 0.06 ,21.0,21.0,0.00, 0.00 ,0.26,35.90,35.90, 8.40 , 1.30 , 5.40 , 37.60 ,0.34,1,0,0,1,1,0.62,1685.8,0,20657 , 2.9 , 87.6 , 51.8 ,
6,1,Ethiopia,15.0,15.6,0.13,29766,2003,30.0, 0.05 ,10.0,35.0,3.19, 0.10 ,0.01,18.00,18.96, 1.91 , 1.57 , 0.33 , 9.28 ,N/A,1,1,1,1,0,N/A,N/A,0,1119 , 46.4 , 31.8 , 81.4 ,
1,2,Fiji,12.5,84.6,0.69,184498,1992,28.0, 0.13 ,25.0,31.0,2.67, 1.82 ,0.14,16.00,16.00, 8.65 , 3.50 , 4.10 , 22.51 ,2.50,1,1,1,1,1,0.91,144.8,0,4629 , 12.9 , 58.1 , 81.8 ,
7,4,Finland,23.0,69.7,0.39,11835,2009,26.0, 0.10 ,8.5,30.0,2.57, 0.59 ,0.60,27.48,32.48, 8.90 , 2.70 , 15.50 , 30.40 ,0.80,1,1,1,0,1,0.99,1072.9,0,35994 , 2.9 , 41.4 , 55.5 ,
7,4,France,19.6,61.9,0.36,113481,1954,33.3, 0.08 ,5.5,40.0,2.77, 0.23 ,0.27,42.48,43.76, 7.00 , 2.50 , 10.10 , 26.60 ,1.20,0,0,1,0,1,1.06,600.1,0,35090 , 1.8 , 29.8 , 57.7 ,
6,3,Gabon,18.0,70.8,0.25,129730,1995,30.0, N/A ,0.0,35.0,1.53, 0.21 ,0.23,22.60,22.60, 4.46 , N/A , 7.10 , 32.10 ,N/A,1,0,1,0,0,N/A,N/A,1,15530 , 3.8 , 35.8 , 35.0 ,
2,2,Georgia,18.0,85.0,0.64,59312,1992,15.0, 0.23 ,20.0,20.0,0.00, 0.00 ,0.30,25.00,25.00, 11.44 , 3.42 , 5.91 , 23.83 ,N/A,1,0,1,0,1,N/A,N/A,0,5502 , 9.3 , 55.1 , 74.8 ,
7,4,Germany,19.0,67.0,0.38,24367,1968,15.0, 0.11 ,15.0,45.0,9.14, 0.29 ,0.25,38.86,43.25, 7.30 , 1.70 , 11.00 , 22.30 ,1.40,1,0,1,0,1,1.36,291.2,0,38077 , 0.9 , 45.1 , 57.4 ,
6,1,Ghana,12.5,43.9,0.37,1,1998,25.0, 0.11 ,5.0,25.0,0.00, 0.00 ,0.10,18.50,18.50, 4.65 , 2.87 , 2.52 , 15.00 ,N/A,1,1,1,0,1,N/A,N/A,0,3113 , 25.6 , 51.1 , 84.7 ,
7,4,Greece,19.0,48.7,0.36,48734,1987,24.0, 0.10 ,15.0,40.0,4.09, 0.57 ,0.19,33.65,42.25, 6.90 , 2.40 , 6.90 , 20.90 ,N/A,1,0,0,1,1,0.86,1000.0,0,25510 , 3.1 , 33.1 , 74.6 ,
3,3,Grenada,10.0,86.9,0.77,44160,N/A,30.0, 0.08 ,30.0,30.0,0.00, 0.00 ,0.04,9.00,9.00, 7.66 , 2.31 , 1.20 , 19.13 ,N/A,N/A,0,N/A,0,1,N/A,N/A,0,13609 , 5.3 , 48.0 , 88.2 ,
3,2,Guatemala,12.0,58.6,0.51,7844,1983,5.0, 0.61 ,15.0,31.0,7.57, 0.00 ,0.01,11.50,11.50, 6.10 , 3.07 , 0.40 , 10.99 ,3.44,1,1,1,1,1,0.30,154.4,0,5093 , 11.3 , 37.9 , 86.7 ,
7,4,Guernsey,0.0,N/A,N/A,N/A,N/A,0.0, N/A ,20.0,20.0,18.10, 18.10 ,N/A,12.50,12.50, N/A , N/A , N/A , N/A ,N/A,N/A,0,N/A,0,0,N/A,N/A,0,1049 , N/A , N/A , N/A ,
6,1,Guinea,15.0,41.6,0.37,30000,1996,35.0, N/A ,10.0,40.0,2.69, 0.01 ,0.08,25.00,25.13, 5.60 , N/A , 3.00 , 11.20 ,N/A,N/A,0,N/A,0,1,N/A,N/A,0,1086 , 22.1 , 48.2 , 89.7 ,
3,2,Guyana,16.0,67.5,0.61,49203,2007,45.0, 0.09 ,33.3,33.3,0.27, 0.00 ,0.25,13.00,13.00, 9.80 , 3.90 , 8.20 , 21.30 ,N/A,0,1,N/A,1,1,N/A,N/A,0,7569 , 21.3 , 102.4 , 90.7 ,
3,1,Haiti,10.0,N/A,N/A,2485,1982,30.0, 0.26 ,10.0,30.0,15.33, 0.41 ,0.08,14.00,18.09, N/A , 7.90 , 2.50 , 12.80 ,N/A,N/A,0,1,0,0,N/A,N/A,0,1235 , N/A , 55.1 , N/A ,
3,2,Honduras,12.0,62.2,0.48,9705,1976,25.0, 0.12 ,15.0,25.0,6.02, 1.33 ,0.22,10.70,10.70, 5.80 , 3.10 , 5.20 , 15.40 ,N/A,1,0,1,1,0,0.31,50.2,0,4475 , 14.5 , 68.8 , 77.7 ,
1,4,"Hong Kong, China",0.0,N/A,N/A,N/A,N/A,16.5, 0.32 ,2.0,17.0,0.31, 0.00 ,0.47,10.00,10.00, N/A , 5.20 , 8.00 , 13.50 ,0.75,1,0,N/A,0,0,0.40,793.6,0,50296 , 0.1 , 221.5 , 64.0 ,
2,3,Hungary,25.0,52.9,0.34,24915,2010,19.0, 0.07 ,17.0,32.0,1.27, 0.00 ,0.15,44.00,44.00, 8.40 , 1.30 , 4.90 , 23.60 ,1.12,1,1,1,1,0,2.32,187.3,0,19571 , 3.5 , 84.9 , 63.5 ,
7,4,Iceland,25.5,58.9,0.31,7263,2009,18.0, 0.10 ,22.9,31.8,1.85, 0.60 ,0.45,20.65,34.50, 7.80 , 1.80 , 13.30 , 31.70 ,0.60,1,1,0,0,0,0.89,1028.4,0,38039 , 7.2 , 50.8 , 51.9 ,
5,1,India,12.5,0.2,0.00,10673,2005,34.0, 0.12 ,10.0,30.0,5.82, 1.16 ,0.07,36.11,36.11, 0.02 , 4.14 , 1.89 , 10.72 ,0.55,1,1,1,0,1,0.03,773.4,0,3667 , 17.5 , 30.3 , 59.4 ,
1,2,Indonesia,10.0,65.9,0.37,68775,1985,25.0, 0.23 ,5.0,30.0,12.28, 0.00 ,0.00,9.24,9.24, 3.75 , 5.76 , 0.04 , 11.77 ,0.55,1,0,1,0,0,0.13,654.1,1,4669 , 14.7 , 24.9 , 56.8 ,
4,2,"Iran, Islamic Rep.",1.5,74.0,0.33,4002,N/A,25.0, 0.11 ,15.0,35.0,7.16, 0.00 ,0.11,30.00,30.00, 0.50 , 2.80 , 3.70 , 6.50 ,N/A,N/A,0,N/A,N/A,0,N/A,N/A,1,13312 , 10.2 , 21.5 , 45.0 ,
4,2,Iraq,0.0,N/A,N/A,N/A,N/A,15.0, 0.01 ,5.0,15.0,0.13, 0.00 ,0.03,N/A,N/A, N/A , 0.20 , 0.40 , 1.50 ,N/A,N/A,0,N/A,N/A,0,N/A,N/A,1,6619 , N/A , N/A , 60.9 ,
7,4,Ireland,21.0,62.0,0.30,52215,2010,12.5, 0.18 ,20.0,41.0,1.12, 0.00 ,0.28,12.50,12.50, 6.32 , 2.30 , 11.30 , 22.60 ,1.14,0,1,1,1,0,1.25,580.3,0,40895 , 1.0 , 84.3 , 48.6 ,
4,4,Israel,16.0,76.1,0.48,27988,2009,25.0, 0.15 ,10.0,48.0,4.46, 0.00 ,0.20,7.32,7.32, 7.60 , 3.70 , 9.80 , 24.29 ,0.90,1,0,N/A,1,1,0.72,356.8,0,31466 , N/A , 37.8 , 62.4 ,
7,4,Italy,20.0,50.5,0.31,48734,2010,27.5, 0.10 ,23.0,43.0,3.43, 0.00 ,0.32,39.36,39.36, 6.20 , 2.70 , 13.80 , 28.80 ,1.00,1,0,1,0,1,0.53,1428.6,0,30422 , 1.9 , 30.3 , 61.3 ,
3,2,Jamaica,17.5,46.5,0.40,35600,1991,33.3, 0.22 ,25.0,35.0,13.15, 0.58 ,0.03,5.00,19.50, 6.97 , 7.34 , 1.18 , 22.60 ,N/A,1,1,N/A,0,0,N/A,N/A,0,9027 , 6.5 , 53.8 , 85.6 ,
1,4,Japan,5.0,89.4,0.54,125471,1989,30.0, 0.11 ,5.0,40.0,6.48, 0.00 ,0.22,26.90,26.90, 2.70 , 3.30 , 8.60 , 16.80 ,1.75,1,1,1,0,0,0.44,444.4,0,34853 , 1.4 , 16.1 , 60.4 ,
4,2,Jordan,16.0,74.8,0.62,42487,1994,24.0, 0.11 ,7.0,14.0,5.75, 2.88 ,0.06,18.75,18.75, 9.93 , 2.54 , 0.72 , 14.95 ,0.53,1,0,1,0,1,0.27,56.0,0,5907 , 3.3 , 73.9 , 82.9 ,
2,3,Kazakhstan,12.0,58.7,0.27,291843,1992,20.0, 0.46 ,10.0,10.0,0.00, 0.00 ,1.05,33.00,33.00, 3.20 , 9.10 , 10.50 , 26.90 ,N/A,1,0,1,0,0,0.67,1450.5,1,13253 , 5.5 , 27.7 , 45.4 ,
6,1,Kenya,16.0,45.7,0.36,57193,1990,30.0, 0.14 ,10.0,30.0,3.07, 0.00 ,0.16,10.00,10.00, 5.68 , 4.23 , 4.77 , 19.64 ,N/A,1,1,1,1,1,N/A,N/A,0,1741 , 28.5 , 46.0 , 77.7 ,
1,2,Kiribati,5.0,N/A,N/A,N/A,N/A,27.5, 0.13 ,25.0,35.0,7.34, 0.26 ,0.11,15.00,21.59, N/A , 3.57 , 3.83 , 17.15 ,N/A,N/A,0,N/A,0,0,N/A,N/A,0,5817 , 28.6 , N/A , 40.8 ,
1,4,"Korea, Republic of",10.0,79.1,0.42,43200,1977,22.0, 0.18 ,6.0,35.0,2.54, 0.00 ,0.22,16.35,16.35, 4.20 , 4.00 , 7.80 , 15.60 ,0.76,1,1,0,0,1,0.40,1266.3,0,31220 , 2.7 , 54.1 , 53.1 ,
2,2,Kosovo,16.0,69.6,0.65,72000,2001,10.0, 0.14 ,4.0,10.0,N/A, N/A ,N/A,10.00,10.00, 10.40 , 1.40 , 1.50 , 27.60 ,N/A,1,0,1,0,1,N/A,N/A,0,N/A, 12.0 , 61.1 , 93.3 ,
4,4,Kuwait,0.0,N/A,N/A,N/A,N/A,15.0, 0.03 ,0.0,0.0,0.00, 0.00 ,0.00,15.00,15.00, N/A , 0.40 , 0.20 , 0.77 ,N/A,N/A,0,N/A,N/A,0,N/A,N/A,1,38332 , N/A , 21.1 , 23.9 ,
2,1,Kyrgyz Republic,12.0,77.1,0.65,66500,2009,10.0, 0.04 ,10.0,10.0,0.00, 0.00 ,0.24,27.25,27.25, 7.84 , 0.42 , 2.35 , 16.13 ,N/A,N/A,0,1,0,0,N/A,N/A,0,2379 , 18.6 , 81.6 , 84.7 ,
1,1,Lao P.D.R.,10.0,50.7,0.35,N/A,2009,35.0, 0.07 ,5.0,28.0,1.82, 0.05 ,0.12,9.50,9.73, 3.50 , 2.40 , 3.20 , 13.68 ,N/A,N/A,0,N/A,0,1,N/A,N/A,0,2770 , 30.8 , 43.9 , 69.0 ,
2,3,Latvia,21.0,51.5,0.32,69225,2010,15.0, 0.09 ,26.0,26.0,0.00, 0.00 ,0.04,33.09,33.09, 6.72 , 1.38 , 1.00 , 13.18 ,0.70,1,1,1,1,1,2.33,187.2,0,16717 , 4.1 , 63.2 , 62.1 ,
4,3,Lebanon,10.0,65.1,0.52,100585,2002,15.0, 0.09 ,2.0,20.0,5.21, 0.00 ,0.03,23.50,23.50, 5.20 , 1.40 , 0.60 , 15.70 ,N/A,1,0,1,0,0,N/A,N/A,0,15449 , 5.9 , 50.4 , 79.8 ,
6,2,Lesotho,14.0,56.4,0.56,N/A,2003,15.0, 0.85 ,22.0,35.0,3.36, 3.36 ,0.35,6.00,6.00, 7.80 , 12.80 , 9.90 , 21.50 ,1.99,1,1,N/A,1,1,N/A,N/A,0,2024 , 7.8 , 112.6 , 98.7 ,
6,1,Liberia,7.0,9.1,0.1,N/A,N/A,35.0, 0.10 ,2.0,35.0,26.75, 0.27 ,0.08,7.75,8.28, 0.80 , 3.40 , 2.73 , 17.36 ,N/A,0,0,1,0,1,N/A,N/A,0,626 , 53.1 , 93.3 , 125.6 ,
4,3,Libya,0.0,N/A,N/A,N/A,N/A,40.0, N/A ,8.0,15.0,1.35, 0.00 ,0.07,18.20,18.20, N/A , N/A , 1.10 , 1.60 ,N/A,N/A,0,1,N/A,0,N/A,N/A,1,5904 , 1.9 , 27.5 , 22.9 ,
7,4,Liechtenstein,8.0,N/A,N/A,112790,1995,12.5, N/A ,3.0,21.0,N/A, N/A ,N/A,27.93,27.93, N/A , N/A , N/A , N/A ,N/A,N/A,0,N/A,0,0,N/A,N/A,0,N/A, N/A , N/A , 108.5 ,
2,3,Lithuania,21.0,58.3,0.37,62571,1994,15.0, 0.05 ,15.0,15.0,0.00, 0.00 ,0.23,39.98,39.98, 7.80 , 0.80 , 3.50 , 13.32 ,0.98,1,1,1,0,0,1.00,438.0,0,20343 , 3.5 , 79.3 , 63.8 ,
7,4,Luxembourg,15.0,134.4,0.42,34810,1970,21.0, 0.24 ,8.2,39.0,0.70, 0.20 ,0.41,23.75,25.36, 6.30 , 5.00 , 13.20 , 25.80 ,0.84,1,0,0,0,1,1.78,284.5,0,79778 , 0.3 , 145.3 , 31.3 ,
1,4,Macau,0.0,N/A,N/A,N/A,N/A,12.0, N/A ,7.0,12.0,N/A, N/A ,N/A,N/A,N/A, N/A , N/A , N/A , N/A ,N/A,N/A,0,N/A,N/A,0,N/A,N/A,0,N/A, N/A , 53.6 , 20.7 ,
2,2,"Macedonia, FYR",18.0,70.1,0.52,45564,2000,10.0, 0.08 ,10.0,10.0,0.00, 0.00 ,0.21,32.00,32.00, 9.40 , 0.84 , 2.06 , 24.95 ,N/A,1,0,1,0,0,0.63,217.5,0,10444 , 11.0 , 74.1 , 74.5 ,
6,1,Madagascar,20.0,39.0,0.31,50000,1994,23.0, 0.06 ,5.0,23.0,0.42, 0.07 ,0.13,14.00,14.35, 6.20 , 1.30 , 2.70 , 11.10 ,N/A,1,1,1,0,0,N/A,N/A,0,944 , 29.1 , 37.1 , 79.4 ,
6,1,Malawi,16.5,65.9,0.49,38772,2010,30.0, 0.08 ,15.0,30.0,1.09, 0.82 ,0.41,0.00,12.30, 8.10 , 2.40 , 9.70 , 19.95 ,N/A,N/A,1,0,1,0,N/A,N/A,0,851 , 30.2 , 39.5 , 74.5 ,
1,3,Malaysia,10.0,20.5,0.10,32757,N/A,25.0, 0.34 ,1.0,26.0,5.12, 0.05 ,0.09,25.25,25.30, 0.97 , 8.47 , 2.29 , 15.31 ,1.09,1,0,0,0,0,0.34,773.8,0,16009 , 11.9 , 75.7 , 47.5 ,
5,2,Maldives,0.0,N/A,N/A,N/A,N/A,0.0, N/A ,0.0,0.0,0.00, 0.00 ,0.00,N/A,N/A, 2.02 , 0.65 , 0.80 , 9.32 ,N/A,1,0,0,0,0,N/A,N/A,0,8913 , 5.5 , 110.5 , 84.2 ,
6,1,Mali,18.0,48.3,0.34,59700,1991,35.0, 0.13 ,5.0,40.0,6.71, 0.34 ,0.11,24.56,26.24, 6.20 , 4.40 , 4.40 , 14.60 ,N/A,1,0,1,0,0,N/A,N/A,0,1128 , 36.5 , 35.7 , 71.3 ,
7,4,Malta,18.0,68.2,0.42,22683,1995,35.0, 0.18 ,15.0,35.0,2.40, 1.04 ,0.20,20.00,20.00, 7.54 , 6.43 , 5.74 , 27.70 ,1.02,1,0,0,0,1,1.90,409.7,0,26370 , 1.8 , 93.1 , 61.4 ,
1,2,"Marshall Islands, Republic of the",7.5,N/A,N/A,N/A,N/A,0.0, N/A ,8.0,12.0,1.21, 0.00 ,N/A,21.00,21.00, N/A , N/A , N/A , 14.30 ,N/A,N/A,0,N/A,N/A,0,N/A,N/A,0,8604 , N/A , N/A , 64.5 ,
6,1,Mauritania,14.0,113.4,0.54,12000,2009,25.0, 0.10 ,5.0,33.0,4.49, 0.45 ,0.15,16.00,18.25, 7.50 , 2.50 , 4.60 , 15.30 ,N/A,0,0,0,0,0,N/A,N/A,1,2007 , 13.3 , 59.2 , 47.3 ,
6,3,Mauritius,15.0,63.6,0.47,72343,1998,15.0, 0.18 ,15.0,15.0,0.00, 0.00 ,0.35,10.00,10.00, 7.00 , 2.70 , 5.20 , 18.30 ,1.81,1,1,1,1,1,0.95,237.1,0,14908 , 3.7 , 66.4 , 73.4 ,
3,3,Mexico,16.0,36.9,0.24,0,2009,30.0, 0.01 ,1.9,30.0,0.18, 0.00 ,0.18,10.60,10.60, 3.80 , 0.40 , 5.40 , 15.90 ,0.70,1,1,1,1,0,0.31,1035.9,1,14616 , 3.8 , 33.0 , 64.3 ,
1,2,"Micronesia, Federated States of",4.0,N/A,N/A,N/A,N/A,3.0, N/A ,6.0,10.0,1.55, 0.00 ,N/A,7.00,7.00, N/A , N/A , N/A , N/A ,N/A,N/A,0,N/A,N/A,0,N/A,N/A,0,7104 , N/A , N/A , 72.4 ,
2,2,Moldova,20.0,65.9,0.63,26034,1992,0.0, N/A ,7.0,18.0,0.64, 0.00 ,0.12,29.00,29.00, 12.67 , 0.31 , 2.20 , 18.28 ,0.90,1,0,1,0,0,0.44,358.2,0,3382 , 14.8 , 86.2 , 96.2 ,
1,1,Mongolia,10.0,205.3,1.01,7970,1998,25.0, 0.22 ,10.0,10.0,0.80, 0.00 ,0.76,23.00,23.00, 10.05 , 5.42 , 7.60 , 21.94 ,N/A,1,0,1,0,0,0.52,455.0,0,4770 , 14.5 , 86.8 , 49.0 ,
2,3,Montenegro,17.0,85.1,0.72,18000,2003,9.0, 0.12 ,9.0,9.0,0.00, 0.00 ,0.42,36.10,36.10, 12.20 , 1.10 , 3.80 , 25.60 ,N/A,1,0,N/A,0,1,0.98,70.5,0,11628 , 9.5 , 66.2 , 84.4 ,
4,2,Morocco,20.0,71.3,0.45,0,1986,30.0, 0.17 ,10.0,38.0,4.42, 0.00 ,0.22,24.79,24.79, 9.00 , 5.10 , 8.50 , 23.80 ,N/A,1,0,1,0,1,N/A,N/A,0,5075 , 15.1 , 48.0 , 63.1 ,
6,1,Mozambique,17.0,48.7,0.38,27750,1999,32.0, 0.08 ,10.0,32.0,48.30, 1.89 ,0.22,4.00,4.00, 6.49 , 2.68 , 6.80 , 15.22 ,4.82,N/A,1,1,0,0,0.05,577.4,0,1090 , 29.8 , 45.5 , 78.4 ,
1,1,Myanmar,5.0,N/A,N/A,11111,N/A,30.0, 0.00 ,3.0,30.0,167.76, 0.00 ,0.00,4.00,4.00, N/A , 0.10 , 0.10 , 0.46 ,N/A,0,0,N/A,0,0,N/A,N/A,0,1325 , 41.4 , N/A , 62.5 ,
6,2,Namibia,15.0,58.6,0.37,27926,2000,35.0, 0.11 ,27.0,37.0,14.15, 0.75 ,0.19,1.80,22.18, 5.54 , 3.95 , 7.10 , 23.55 ,N/A,1,0,N/A,0,0,N/A,N/A,0,7399 , 7.9 , 52.4 , 63.1 ,
5,1,Nepal,13.0,43.2,0.35,27246,1997,25.0, 0.08 ,1.0,25.0,2.84, 0.00 ,0.03,20.00,20.00, 4.59 , 1.88 , 0.87 , 12.60 ,N/A,N/A,0,1,0,1,N/A,N/A,0,1249 , 31.8 , 32.8 , 81.8 ,
7,4,Netherlands,19.0,87.6,0.39,0,1969,25.5, 0.13 ,2.0,52.0,1.87, 0.00 ,0.20,40.00,40.00, 7.50 , 3.30 , 10.20 , 23.10 ,0.97,1,0,1,1,1,1.38,432.7,0,41977 , 2.0 , 74.1 , 45.0 ,
1,4,New Caledonia,N/A,N/A,N/A,N/A,N/A,30.0, N/A ,4.0,40.0,N/A, N/A ,N/A,49.00,49.00, N/A , N/A , N/A , N/A ,N/A,N/A,0,N/A,N/A,0,N/A,N/A,0,N/A, N/A , N/A , 82.1 ,
1,4,New Zealand,15.0,111.6,0.66,47450,2009,30.0, 0.13 ,12.5,39.0,2.07, 0.00 ,0.43,0.00,0.00, 9.90 , 3.90 , 16.80 , 26.89 ,0.89,1,1,1,0,0,0.87,1121.7,0,28667 , N/A , 28.7 , 59.2 ,
3,2,Nicaragua,15.0,47.0,0.40,N/A,1975,30.0, N/A ,10.0,30.0,5.36, 0.80 ,0.25,20.75,28.79, 5.96 , N/A , 6.80 , 14.73 ,N/A,1,0,1,0,0,0.32,93.3,0,4228 , 20.0 , 60.5 , 84.4 ,
6,1,Niger,19.0,25.8,0.21,65720,2009,30.0, 0.05 ,1.0,35.0,0.07, 0.00 ,0.09,20.65,20.65, 4.00 , 1.50 , 3.20 , 14.16 ,N/A,N/A,0,1,0,0,N/A,N/A,0,742 , N/A , N/A , 81.6 ,
6,1,Nigeria,5.0,5.7,0.04,N/A,1994,30.0, 0.28 ,5.0,25.0,0.40, 0.00 ,N/A,16.00,16.00, 0.20 , 8.40 , N/A , 11.55 ,N/A,1,0,1,0,1,N/A,N/A,1,2582 , 32.7 , 35.6 , 69.7 ,
7,4,Norway,25.0,75.2,0.31,8927,1970,28.0, 0.39 ,9.0,12.0,2.49, 1.53 ,1.93,21.90,21.90, 7.80 , 11.00 , 21.00 , 33.60 ,0.67,1,1,1,0,1,1.35,743.8,1,53158 , 1.6 , 28.3 , 41.5 ,
4,3,Oman,0.0,N/A,N/A,N/A,N/A,12.0, 0.09 ,0.0,0.0,0.00, 0.00 ,0.00,17.00,17.00, -   , 1.05 , -   , 2.21 ,N/A,N/A,0,N/A,N/A,0,N/A,N/A,1,28148 , N/A , 41.5 , 40.4 ,
5,1,Pakistan,16.0,27.0,0.23,58372,2010,35.0, 0.08 ,0.5,20.0,36.25, 0.84 ,0.17,12.00,12.42, 3.63 , 2.70 , 3.34 , 9.31 ,N/A,1,0,1,1,0,N/A,N/A,0,2786 , 21.6 , 19.2 , 84.1 ,
1,3,Palau,0.0,N/A,N/A,N/A,N/A,0.0, N/A ,9.3,19.6,N/A, N/A ,N/A,12.00,12.00, N/A , N/A , N/A , N/A ,N/A,N/A,0,N/A,1,0,N/A,N/A,0,N/A, 3.5 , 93.8 , 36.0 ,
3,3,Panama,5.0,31.4,0.20,36000,1977,30.0, 0.10 ,20.5,27.0,2.13, 0.67 ,0.18,21.00,34.80, 1.00 , 3.00 , 4.60 , 11.90 ,N/A,N/A,0,0,0,1,0.19,295.5,0,14112 , 4.0 , 84.1 , 63.7 ,
1,1,Papua New Guinea,10.0,77.9,0.57,110016,1999,30.0, 0.15 ,22.0,42.0,42.60, 1.19 ,0.48,14.40,14.40, 5.70 , 4.50 , 20.10 , 19.92 ,0.94,N/A,0,N/A,0,0,N/A,N/A,0,2582 , 35.9 , 48.1 , 73.1 ,
3,2,Paraguay,10.0,79.1,0.62,N/A,1993,10.0, 0.24 ,8.0,10.0,5.63, 4.51 ,0.00,23.00,23.00, 6.24 , 2.40 , 0.00 , 12.14 ,N/A,1,0,1,0,0,0.14,477.6,0,6224 , 23.5 , 56.9 , 78.9 ,
3,2,Peru,19.0,57.4,0.35,N/A,2009,30.0, 0.17 ,15.0,30.0,7.10, 0.00 ,0.06,22.63,22.63, 6.63 , 5.19 , 1.67 , 15.76 ,2.24,1,1,1,1,0,0.25,690.4,0,10062 , 6.4 , 24.8 , 60.8 ,
1,2,Philippines,12.0,21.2,0.16,44449,1988,30.0, 0.12 ,5.0,32.0,2.79, 0.00 ,0.06,12.90,12.90, 1.88 , 3.47 , 1.99 , 12.35 ,0.72,1,0,1,0,1,0.13,755.5,0,4152 , 12.8 , 36.0 , 73.7 ,
2,3,Poland,22.0,57.0,0.35,50701,2009,19.0, 0.11 ,18.0,32.0,1.44, 0.05 ,0.14,40.32,41.26, 7.70 , 2.00 , 4.50 , 16.15 ,2.73,1,0,1,0,1,1.28,402.5,0,20013 , 3.5 , 43.5 , 61.4 ,
7,4,Portugal,21.0,61.1,0.40,13924,2009,25.0, 0.12 ,11.1,45.9,8.83, 0.00 ,0.22,34.75,34.75, 8.50 , 3.10 , 9.90 , 23.62 ,1.37,1,0,1,1,1,0.93,833.9,0,23658 , 2.4 , 39.3 , 66.3 ,
4,4,Qatar,0.0,N/A,N/A,N/A,N/A,10.0, 0.99 ,0.0,0.0,0.00, 0.00 ,N/A,N/A,N/A, -   , 9.94 , N/A , 10.58 ,N/A,N/A,0,N/A,N/A,0,N/A,N/A,1,97987 , N/A , 31.2 , 20.9 ,
2,3,Romania,19.0,72.0,0.44,90506,2009,16.0, 0.12 ,16.0,16.0,0.00, 0.00 ,0.21,44.00,44.00, 8.30 , 1.90 , 3.40 , 17.27 ,0.87,1,1,1,1,0,1.05,44.8,0,12520 , 7.4 , 43.5 , 60.7 ,
2,3,Russian Federation,18.0,50.8,0.25,272755,1992,20.0, 0.02 ,13.0,13.0,0.00, 0.00 ,0.58,34.20,34.20, 4.42 , 0.49 , 7.60 , 15.30 ,0.90,1,1,1,0,1,1.03,983.7,1,16768 , 4.3 , 22.3 , 48.3 ,
6,1,Rwanda,18.0,25.7,0.23,33882,2001,30.0, 0.05 ,20.0,30.0,1.47, 0.22 ,0.11,8.00,12.41, 4.11 , 1.42 , 3.29 , 13.22 ,3.31,1,1,1,1,1,N/A,N/A,0,1384 , 31.9 , 32.5 , 88.7 ,
1,2,Samoa (Western),15.0,83.7,0.41,N/A,2009,27.0, 0.09 ,4.0,27.0,1.47, 0.88 ,0.14,12.00,15.53, 6.10 , 2.30 , 2.60 , 22.84 ,N/A,1,0,N/A,0,1,N/A,N/A,0,5990 , 10.0 , 58.2 , 48.6 ,
7,4,San Marino,N/A,N/A,N/A,N/A,N/A,17.0, N/A ,12.0,50.0,171.56, 0.00 ,N/A,19.70,19.71, N/A , N/A , N/A , 15.40 ,N/A,N/A,0,N/A,N/A,0,N/A,N/A,0,1886 , 41.4 , N/A , 85.0 ,
4,4,Saudi Arabia,0.0,N/A,N/A,N/A,N/A,20.0, N/A ,20.0,20.0,0.00, 0.00 ,0.02,20.00,20.00, N/A , N/A , 0.40 , 1.10 ,1.57,1,0,1,0,1,0.05,310.2,1,29401 , 2.6 , 30.6 , 30.2 ,
6,1,Senegal,18.0,54.0,0.43,0,1980,25.0, 0.06 ,18.0,50.0,13.69, 0.66 ,0.10,29.50,41.32, 7.80 , 1.40 , 4.90 , 18.88 ,N/A,1,0,1,0,0,N/A,N/A,0,1975 , 15.0 , 44.2 , 80.3 ,
2,3,Serbia,18.0,82.8,0.60,109686,2006,10.0, 0.11 ,12.0,12.0,0.00, 0.00 ,0.18,35.80,35.80, 10.79 , 1.08 , 2.21 , 20.61 ,N/A,1,0,1,0,0,0.88,282.4,0,10405 , 9.0 , 51.2 , 72.4 ,
6,3,Seychelles,15.0,85.4,0.62,N/A,N/A,40.0, 0.25 ,0.0,0.0,0.00, 0.00 ,0.00,22.50,22.50, 9.31 , 9.93 , 1.64 , 31.68 ,N/A,1,0,N/A,1,0,N/A,N/A,0,24395 , 2.2 , 99.1 , 72.7 ,
6,1,Sierra Leone,15.0,21.5,0.19,N/A,2009,30.0, 0.02 ,20.0,30.0,1.55, 0.31 ,0.11,15.00,21.18, 2.79 , 0.58 , 3.13 , 11.07 ,N/A,1,1,1,1,0,N/A,N/A,0,1131 , 57.6 , 54.5 , 86.8 ,
1,4,Singapore,7.0,91.6,0.37,795735,1994,17.0, 0.24 ,3.5,20.0,4.27, 0.00 ,0.10,35.00,35.00, 2.60 , 4.10 , 2.06 , 13.79 ,0.87,1,1,0,0,0,0.34,977.8,0,59595 , 0.0 , 182.3 , 40.6 ,
2,3,Slovak Republic,19.0,61.4,0.35,69328,2009,19.0, 0.14 ,19.0,19.0,0.00, 0.00 ,0.13,37.60,37.60, 6.70 , 2.60 , 2.50 , 12.56 ,3.04,1,1,1,0,1,0.97,224.6,0,23366 , 3.9 , 86.4 , 57.4 ,
2,4,Slovenia,20.0,71.4,0.40,69620,1999,20.0, 0.09 ,16.0,41.0,0.74, 0.00 ,0.06,38.20,38.20, 8.10 , 1.86 , 2.51 , 17.65 ,0.93,1,1,1,0,1,1.21,459.2,0,28436 , 2.5 , 71.3 , 56.8 ,
1,1,Solomon Islands,10.0,253.7,1.0,N/A,N/A,30.0, 0.13 ,11.0,40.0,2.68, 0.00 ,0.29,12.50,12.50, 10.40 , 3.80 , 11.70 , 29.62 ,N/A,N/A,0,N/A,0,0,N/A,N/A,0,3189 , 38.9 , 49.6 , 41.0 ,
6,1,Somalia,14.0,N/A,N/A,N/A,2009,N/A, N/A ,N/A,N/A,N/A, N/A ,N/A,N/A,N/A, N/A , N/A , N/A , N/A ,N/A,N/A,0,N/A,0,0,N/A,N/A,0,N/A, N/A , N/A , 56.5 ,
6,3,South Africa,14.0,103.2,0.61,138288,1991,28.0, 0.20 ,18.0,40.0,6.92, 0.00 ,0.21,2.00,2.00, 8.58 , 5.70 , 8.57 , 25.43 ,0.80,1,1,1,1,1,0.31,964.9,0,11029 , 2.4 , 29.4 , 59.4 ,
7,4,Spain,18.0,50.5,0.29,0,1986,30.0, 0.06 ,24.0,43.0,2.44, 0.00 ,0.21,37.33,37.33, 5.30 , 1.80 , 9.20 , 19.75 ,0.86,1,1,1,1,1,0.58,815.9,0,30478 , 2.7 , 31.1 , 58.3 ,
5,2,Sri Lanka,12.0,39.3,0.27,108777,1998,35.0, 0.04 ,5.0,35.0,N/A, 0.00 ,N/A,20.00,20.00, 3.29 , 1.51 , 0.38 , 12.42 ,0.41,1,0,1,0,1,0.11,279.2,0,5676 , 12.1 , 37.6 , 69.8 ,
3,3,St. Kitts and Nevis,17.0,68.0,0.5,N/A,N/A,35.0, 0.06 ,N/A,N/A,N/A, N/A ,N/A,11.00,11.00, 8.00 , 2.00 , 2.60 , 21.25 ,0.78,1,0,N/A,0,0,0.96,N/A,0,16416 , 1.8 , 45.2 , 69.2 ,
3,3,St. Lucia,5.0,131.2,0.9,35328,N/A,33.3, 0.09 ,10.0,30.0,0.86, 0.47 ,0.15,10.00,14.71, 4.64 , 3.10 , 3.44 , 23.37 ,N/A,0,0,0,0,1,N/A,N/A,0,13011 , 3.3 , 65.4 , 70.7 ,
3,3,St. Vincent and the Grenadines,15.0,54.1,0.47,46064,2007,33.3, 0.06 ,10.0,30.0,1.46, 0.00 ,0.12,8.50,8.50, 7.09 , 2.03 , 3.61 , 22.07 ,N/A,N/A,0,N/A,0,0,N/A,N/A,0,11522 , 6.4 , 56.2 , 87.4 ,
6,1,Sudan,10.0,N/A,N/A,53706,2000,35.0, N/A ,5.0,15.0,N/A, N/A ,N/A,27.00,27.00, N/A , N/A , N/A , 6.41 ,N/A,N/A,0,N/A,N/A,0,N/A,N/A,1,2683 , 24.5 , 16.3 , 65.1 ,
3,2,Suriname,10.0,55.1,0.39,N/A,N/A,36.0, 0.13 ,8.0,38.0,0.87, 0.07 ,0.08,N/A,N/A, 3.86 , 4.56 , 2.77 , 18.96 ,N/A,N/A,0,N/A,N/A,0,N/A,N/A,0,11815 , 9.7 , N/A , 70.0 ,
6,2,Swaziland,14.0,42.7,0.36,N/A,2009,30.0, 0.10 ,20.0,33.0,2.39, 0.00 ,0.29,10.00,10.00, 5.00 , 2.90 , 9.70 , 22.97 ,N/A,1,0,N/A,0,1,N/A,N/A,0,5835 , 7.2 , 72.5 , 83.7 ,
7,4,Sweden,25.0,79.6,0.38,13873,1969,26.3, 0.13 ,31.0,57.8,2.10, 0.00 ,0.26,30.43,30.43, 9.50 , 3.40 , 15.30 , 37.14 ,0.40,1,1,1,0,1,1.05,886.9,0,40229 , 1.8 , 43.7 , 47.8 ,
7,4,Switzerland,8.0,78.4,0.45,112765,2009,8.5, 0.34 ,0.8,11.5,18.07, 0.35 ,1.15,26.20,26.47, 3.60 , 2.90 , 13.00 , 21.50 ,0.38,1,0,0,0,1,0.12,5025.4,0,44452 , 1.1 , 40.4 , 57.4 ,
4,2,Syrian Arab Republic,N/A,N/A,N/A,0,N/A,28.0, 0.25 ,5.0,22.0,24.78, 0.01 ,0.34,24.00,24.03, N/A , 6.90 , 7.40 , 13.70 ,N/A,N/A,0,1,0,0,N/A,N/A,1,5126 , 22.9 , 35.8 , 71.5 ,
1,4,"Taiwan, Rep. of China",5.0,86.0,0.40,0,1986,17.0, 0.11 ,5.0,40.0,3.83, 0.00 ,0.13,17.37,17.37, 2.00 , 1.80 , 5.10 , 12.10 ,N/A,1,0,0,0,0,N/A,N/A,0,37743 , 41.4 , N/A , 46.5 ,
2,1,Tajikistan,20.0,57.1,0.53,11000,1986,15.0, 0.05 ,8.0,13.0,0.13, 0.10 ,0.23,N/A,N/A, 10.50 , 0.80 , 2.50 , 18.22 ,N/A,N/A,0,1,1,1,N/A,N/A,0,2079 , 19.9 , 58.3 , 92.0 ,
6,1,Tanzania,18.0,44.2,0.29,25595,1998,30.0, 0.07 ,14.0,30.0,0.31, 0.06 ,0.12,20.00,20.82, 5.26 , 2.08 , 3.18 , 17.27 ,N/A,1,1,1,1,1,0.05,161.0,0,1469 , 27.7 , 50.2 , 66.1 ,
1,2,Thailand,7.0,108.0,0.60,59418,1992,30.0, 0.20 ,10.0,37.0,14.06, 0.53 ,0.22,10.20,15.47, 4.20 , 6.10 , 8.10 , 17.07 ,0.60,1,0,1,0,1,0.30,585.6,0,9390 , 12.4 , 72.4 , 55.6 ,
6,1,The Gambia,15.0,N/A,N/A,5502,2009,35.0, N/A ,10.0,35.0,0.96, 0.15 ,N/A,18.50,20.02, N/A , N/A , N/A , 12.30 ,N/A,1,1,1,1,1,0.30,N/A,0,1811 , 18.9 , 57.3 , 89.5 ,
1,1,Timor-Leste,3.8,37.0,0.2,N/A,N/A,10.0, N/A ,10.0,10.0,0.00, 0.00 ,N/A,N/A,N/A, 0.90 , N/A , N/A , 1.40 ,N/A,1,0,1,0,0,0.06,N/A,1,9028 , N/A , N/A , 64.9 ,
6,1,Togo,18.0,51.4,0.46,60000,1995,27.0, 0.04 ,10.0,55.0,30.94, 0.56 ,0.05,20.50,26.07, 8.20 , 1.20 , 2.50 , 15.42 ,N/A,N/A,0,N/A,N/A,0,N/A,N/A,0,1048 , 31.9 , 58.4 , 88.7 ,
1,2,Tonga,15.0,72.8,0.64,52400,2009,25.0, 0.12 ,10.0,20.0,2.33, 0.58 ,0.33,N/A,N/A, 9.60 , 3.10 , 5.90 , 16.78 ,2.73,1,0,1,1,0,N/A,N/A,0,7344 , 19.5 , 60.6 , 87.9 ,
3,4,Trinidad and Tobago,15.0,53.4,0.27,57394,1990,25.0, 0.81 ,25.0,25.0,N/A, 0.48 ,0.81,10.82,22.94, 4.10 , 20.30 , 20.20 , 29.30 ,N/A,1,1,1,1,1,1.07,N/A,1,19738 , 0.7 , 39.4 , 51.2 ,
4,2,Tunisia,18.0,53.5,0.35,71378,1988,30.0, 0.16 ,15.0,35.0,3.81, 0.11 ,0.13,22.75,24.47, 6.31 , 4.68 , 4.44 , 20.98 ,N/A,1,0,1,1,0,N/A,N/A,0,9359 , 8.9 , 55.8 , 65.5 ,
2,3,Turkey,18.0,48.5,0.34,N/A,1985,20.0, 0.09 ,15.0,35.0,2.05, 0.00 ,0.10,37.00,37.00, 6.21 , 1.88 , 3.61 , 20.05 ,0.76,1,0,1,0,1,0.49,100.5,0,14543 , 9.1 , 32.6 , 71.2 ,
2,2,Turkmenistan,20.0,N/A,N/A,N/A,1992,20.0, N/A ,10.0,10.0,0.00, 0.00 ,N/A,23.00,23.00, N/A , N/A , N/A , 8.00 ,N/A,N/A,0,N/A,N/A,0,N/A,N/A,1,7842 , 14.5 , 45.3 , 48.6 ,
6,1,Uganda,18.0,26.2,0.20,20074,1996,30.0, 0.12 ,10.0,30.0,1.41, 0.45 ,0.07,15.00,19.47, 3.53 , 3.63 , 1.86 , 14.19 ,3.05,1,1,1,1,1,N/A,N/A,0,1400 , 23.4 , 34.5 , 74.9 ,
2,2,Ukraine,20.0,75.9,0.50,37942,1992,15.0, 0.28 ,15.0,15.0,0.00, 0.00 ,0.03,39.15,39.15, 9.99 , 4.20 , 0.47 , 18.49 ,N/A,1,0,1,0,1,1.32,49.4,0,7210 , 9.6 , 59.2 , 65.8 ,
4,4,United Arab Emirates,0.0,N/A,N/A,N/A,N/A,0.0, N/A ,0.0,0.0,0.00, 0.00 ,0.00,N/A,N/A, N/A , 0.10 , 0.10 , 0.64 ,N/A,N/A,0,N/A,N/A,0,N/A,N/A,1,47729 , 1.0 , 68.8 , 57.3 ,
7,4,United Kingdom,17.5,64.8,0.42,109062,2009,28.0, 0.10 ,20.0,50.0,6.59, 0.00 ,0.26,23.80,23.80, 7.30 , 2.80 , 12.90 , 29.20 ,0.83,1,1,1,1,0,1.02,496.9,0,36525 , 0.7 , 34.1 , 64.3 ,
8,4,United States,N/A,N/A,N/A,N/A,N/A,35.0, 0.07 ,10.0,35.0,8.04, 0.18 ,0.34,17.35,19.15, N/A , 2.60 , 11.80 , 18.40 ,0.62,0,1,1,0,0,0.26,3077.8,0,48328 , 1.2 , 17.8 , 71.6 ,
3,3,Uruguay,22.0,67.5,0.46,0,1968,25.0, 0.10 ,10.0,25.0,8.69, 0.61 ,0.12,30.50,36.59, 10.08 , 2.60 , 2.96 , 19.61 ,1.04,1,0,1,0,1,0.46,207.5,0,15112 , 10.1 , 27.3 , 67.9 ,
2,1,Uzbekistan,20.0,88.8,0.50,N/A,1992,9.0, 0.30 ,11.0,22.0,53.52, 0.05 ,0.11,29.00,29.59, 9.90 , 2.70 , 2.50 , 20.20 ,N/A,N/A,0,N/A,0,0,N/A,N/A,1,3273 , 18.9 , 27.5 , 55.7 ,
1,2,Vanuatu,12.5,98.6,0.62,41216,1998,0.0, N/A ,0.0,0.0,0.00, 0.00 ,N/A,8.00,8.00, 7.80 , N/A , N/A , 16.11 ,N/A,1,0,0,1,1,0.42,N/A,0,4812 , 19.7 , 52.1 , 63.3 ,
3,3,Venezuela,12.0,71.0,0.39,0,1993,34.0, 0.12 ,6.0,34.0,0.00, 0.00 ,N/A,18.25,18.25, 4.70 , 4.10 , N/A , 34.40 ,N/A,N/A,0,N/A,1,0,N/A,N/A,1,12868 , N/A , 19.7 , 55.2 ,
1,1,Vietnam,10.0,97.2,0.61,0,1999,25.0, 0.29 ,5.0,35.0,13.98, 0.00 ,0.25,28.50,28.50, 6.10 , 7.30 , 8.80 , 24.26 ,1.25,1,0,0,0,0,0.45,59.9,1,3359 , 22.0 , 91.2 , 62.7 ,
4,1,West Bank/ Gaza,14.5,N/A,N/A,0,N/A,15.0, N/A ,5.0,15.0,N/A, N/A ,N/A,N/A,N/A, N/A , N/A , N/A , N/A ,N/A,N/A,0,N/A,0,0,N/A,N/A,0,N/A, N/A , N/A , 60.9 ,
4,1,"Yemen, Rep.",5.0,102.3,0.54,234341,2005,35.0, 0.03 ,10.0,35.0,1.63, 0.07 ,0.08,19.00,19.73, 2.70 , 0.90 , 2.60 , 9.90 ,N/A,N/A,0,1,0,0,N/A,N/A,1,2307 , N/A , N/A , 52.8 ,
6,1,Zambia,16.0,46.3,0.21,41749,1995,35.0, 0.07 ,25.0,35.0,6.36, 1.24 ,0.14,10.00,10.00, 3.37 , 2.46 , 4.70 , 13.80 ,N/A,N/A,1,1,1,1,N/A,N/A,0,1615 , 19.5 , 37.0 , 45.4 ,
6,1,Zimbabwe,15.0,74.8,0.69,60000,2004,25.0, 0.12 ,20.0,35.0,0.09, 0.01 ,0.19,6.00,6.20, 10.30 , 3.10 , 6.20 , 28.10 ,7.40,1,1,0,1,1,0.13,16.3,0,530 , 15.7 , 87.8 , 91.8 ,
,,,,,,,,,,,,,,,,,,,,,,,,,,,,,,,,,,
,,,,,,,,,,,,,,,,,,,,,,,,,,,,,,,,,,
,,,,,,,,,,,,,,,,,,,,,,,,,,,,,,,,,,
,,,,,,,,,,,,,,,,,,,,,,,,,,,,,,,,,,
,,,,,,,,,,,,,,,,,,,,,,,,,,,,,,,,,,
,,,,,,,,,,,,,,,,,,,,,,,,,,,,,,,,,,
,,,,,,,,,,,,,,,,,,,,,,,,,,,,,,,,,,
,,,,,,,,,,,,,,,,,,,,,,,,,,,,,,,,,,
,,,,,,,,,,,,,,,,,,,,,,,,,,,,,,,,,,
,,,,,,,,,,,,,,,,,,,,,,,,,,,,,,,,,,
,,,,,,,,,,,,,,,,,,,,,,,,,,,,,,,,,,
,,,,,,,,,,,,,,,,,,,,,,,,,,,,,,,,,,
,,,,,,,,,,,,,,,,,,,,,,,,,,,,,,,,,,
,,,,,,,,,,,,,,,,,,,,,,,,,,,,,,,,,,
,,,,,,,,,,,,,,,,,,,,,,,,,,,,,,,,,,
,,,,,,,,,,,,,,,,,,,,,,,,,,,,,,,,,,
